month,forecasted_revenue,lower_bound,upper_bound
2024-01,6991.182462375374,3728.6153802567756,10253.74954449397
2024-02,6420.6133273830455,3356.587666712119,9484.638988053972
2024-03,6588.820968046845,3298.9587166785213,9878.683219415168
2024-04,6678.823088171979,3478.9635605599756,9878.682615783982
2024-05,6920.436755571658,3595.6247217544,10245.248789388917
2024-06,6098.545351615323,3077.992201629889,9119.098501600756
