month,forecasted_revenue,lower_bound,upper_bound
2024-01,6873.945868981449,3714.1952358086073,10027.407169657601
2024-02,6285.5326497858105,3338.2635992148876,9260.624815115327
2024-03,6428.212053771163,3275.064607485618,9505.100983969152
2024-04,6484.143667677904,3412.2228000978967,9521.652204873522
2024-05,6689.237503110676,3539.2176458755725,9805.360922336473
2024-06,5874.393560266995,3005.3589383719136,8664.19393194606
